{
"lengthUnit": "mil",
"components": {
	"fields": ["COMPONENT_NO", "COMPONENT_NAME", "LAYER", "X_COORDINATE", "Y_COORDINATE", "ANGLE"],
	"rows": [
		[1, "BUZZER1", "B", 3210.48, -755.63, 270],
		[2, "C1", "B", 3330, -2180, 180],
		[3, "C2", "B", 3330, -2090, 0],
		[4, "C3", "B", 2954.7, -1170, 0],
		[5, "C4", "B", 2954.7, -1484.96, 0],
		[6, "C5", "B", 2954.7, -1799.92, 0],
		[7, "C6", "B", 2954.7, -2114.88, 0],
		[8, "C7", "B", 3405, -2720, 0],
		[9, "C8", "B", 1500, -765, 180],
		[10, "C9", "B", 3045, -2880, 90],
		[11, "C10", "B", 765, -865, 180],
		[12, "C11", "B", 3030, -2530, 90],
		[13, "C12", "B", 595.99, -1030.58, 180],
		[14, "C13", "B", 765, -3655, 180],
		[15, "C14", "B", 3060, -3980, 90],
		[16, "C15", "B", 3260, -3965, 270],
		[17, "C16", "B", 3295, -4375, 180],
		[18, "C17", "B", 3460, -3980, 90],
		[19, "C18", "B", 3180, -3150, 0],
		[20, "CN1", "B", 355, -1660, 90],
		[21, "CN2", "B", 355, -2365, 90],
		[22, "CN3", "B", 354.14, -877.78, 90],
		[23, "CN4", "B", 355, -3070, 90],
		[24, "CN5", "B", 355, -3875, 90],
		[25, "D1", "B", 1365, -1661.74, 270],
		[26, "D2", "B", 1350, -2320, 270],
		[27, "D3", "B", 600, -1115, 0],
		[28, "D4", "B", 3190, -3545, 180],
		[29, "D5", "B", 3165, -3385, 0],
		[30, "D6", "B", 3189.34, -3680.03, 180],
		[31, "D7", "B", 3585, -3980, 270],
		[32, "F1", "B", 515, -4325, 0],
		[33, "H1", "B", 3495, -1245, 90],
		[34, "HS1", "B", 865, -3071.74, 90],
		[35, "KEY1", "T", 2755.91, -1165, 0],
		[36, "KEY2", "T", 2755.91, -1479.96, 0],
		[37, "KEY3", "T", 2755.91, -1794.92, 0],
		[38, "KEY4", "T", 2755.91, -2109.88, 0],
		[39, "L1", "B", 3490, -3410, 0],
		[40, "LED1", "T", 1181.1, -393.7, 0],
		[41, "LED2", "T", 2165.35, -2820, 0],
		[42, "LED3", "T", 2165.35, -1240, 0],
		[43, "Q1", "B", 2945, -850, 180],
		[44, "Q2", "B", 1475, -1695, 0],
		[45, "Q3", "B", 1467.63, -2321.84, 0],
		[46, "Q4", "B", 670, -3071.74, 0],
		[47, "R1", "B", 2950, -630, 180],
		[48, "R2", "B", 2800, -885, 0],
		[49, "R3", "B", 2800, -810, 0],
		[50, "R4", "B", 2560, -1170, 180],
		[51, "R5", "B", 2560, -1484.96, 180],
		[52, "R6", "B", 2560, -1799.92, 180],
		[53, "R7", "B", 2560, -2114.88, 180],
		[54, "R8", "B", 3480, -1940, 0],
		[55, "R9", "B", 3265, -2820, 0],
		[56, "R10", "B", 1385, -310, 0],
		[57, "R11", "B", 1778.97, -1845, 180],
		[58, "R12", "B", 1778.97, -1945, 180],
		[59, "R13", "B", 1605, -1657.6, 180],
		[60, "R14", "B", 1607.22, -1732.4, 180],
		[61, "R15", "B", 1869.84, -617.53, 0],
		[62, "R16", "B", 1869.84, -676.06, 0],
		[63, "R17", "B", 1869.84, -753.76, 0],
		[64, "R18", "B", 1869.84, -831.46, 0],
		[65, "R19", "B", 1869.84, -931.46, 0],
		[66, "R20", "B", 1819.16, -2475.38, 180],
		[67, "R21", "B", 1869.84, -1031.46, 0],
		[68, "R22", "B", 1869.84, -1119.26, 180],
		[69, "R23", "B", 1817.63, -2571.84, 270],
		[70, "R24", "B", 1597.63, -2284.44, 180],
		[71, "R25", "B", 1869.84, -1219.26, 180],
		[72, "R26", "B", 1869.84, -1319.26, 180],
		[73, "R27", "B", 1597.63, -2359.24, 180],
		[74, "R28", "B", 1869.84, -1407.06, 180],
		[75, "R29", "B", 2015.35, -2700, 270],
		[76, "R30", "B", 2415.35, -2700, 270],
		[77, "R31", "B", 2215.35, -2940, 90],
		[78, "R32", "B", 2015.35, -2940, 90],
		[79, "R33", "B", 1915.35, -2940, 90],
		[80, "R34", "B", 2115.35, -2700, 270],
		[81, "R35", "B", 2315.35, -2940, 90],
		[82, "R36", "B", 2115.35, -2940, 90],
		[83, "R37", "B", 559.39, -822.78, 90],
		[84, "R38", "B", 565, -660, 90],
		[85, "R39", "B", 599.21, -945.58, 0],
		[86, "R40", "B", 1610, -2810, 180],
		[87, "R41", "B", 535, -3000, 270],
		[88, "R42", "B", 1610, -2910, 180],
		[89, "R43", "B", 705, -3495, 180],
		[90, "RLY1", "B", 920, -1661.74, 180],
		[91, "RLY2", "B", 915, -2355, 180],
		[92, "SW1", "B", 3485, -1780, 180],
		[93, "TP1", "B", 1411.94, -1750.37, 180],
		[94, "TP2", "B", 1405.69, -2379.32, 0],
		[95, "U1", "B", 3359.21, -2454.29, 180],
		[96, "U2", "B", 1530, -1895, 180],
		[97, "U3", "B", 1500, -1030, 270],
		[98, "U4", "B", 1579.19, -2525.38, 180],
		[99, "U5", "B", 2795, -2875, 180],
		[100, "U6", "B", 2780, -2485, 180],
		[101, "U7", "B", 1300, -2910, 270],
		[102, "U8", "B", 2000, -3897.46, 0],
		[103, "U9", "B", 3500, -3690, 270],
		[104, "U10", "B", 775, -710, 90],
		[105, "VR1", "B", 750, -3940, 180],
		[106, "X1", "B", 3265, -2730, 0]
	]
},
"pins": {
	"fields": ["PIN_NO", "PIN_NAME", "PIN_X", "PIN_Y", "LAYER", "PIN_TYPE", "NET_NAME", "NET_TYPE", "PAD_SHAPE", "PAD_SIZEX", "PAD_SIZEY", "HOLE_SIZE", "PAD_ANGLE"],
	"rows": [
		[1, "BUZZER1_1", 3210.48, -657.21, "T", "DIP", "$1N9864", "", "C", 70.87, 70.87, 39.37, 270],
		[2, "BUZZER1_1", 3210.48, -657.21, "B", "DIP", "$1N9864", "", "C", 70.87, 70.87, 39.37, 270],
		[3, "BUZZER1_2", 3210.48, -854.06, "T", "DIP", "$1N9862", "", "C", 70.87, 70.87, 39.37, 270],
		[4, "BUZZER1_2", 3210.48, -854.06, "B", "DIP", "$1N9862", "", "C", 70.87, 70.87, 39.37, 270],
		[5, "C1_1", 3357.56, -2180, "B", "SMD", "GND", "GND", "R", 31.5, 35.43, 0, 180],
		[6, "C1_2", 3302.44, -2180, "B", "SMD", "5V", "", "R", 31.5, 35.43, 0, 180],
		[7, "C2_1", 3263.61, -2090, "B", "SMD", "5V", "", "R", 69.19, 51.02, 0, 180],
		[8, "C2_2", 3396.39, -2090, "B", "SMD", "GND", "GND", "R", 69.19, 51.02, 0, 180],
		[9, "C3_1", 2927.14, -1170, "B", "SMD", "D2", "", "R", 31.5, 35.43, 0, 0],
		[10, "C3_2", 2982.26, -1170, "B", "SMD", "GND", "GND", "R", 31.5, 35.43, 0, 0],
		[11, "C4_1", 2927.14, -1484.96, "B", "SMD", "D3", "", "R", 31.5, 35.43, 0, 0],
		[12, "C4_2", 2982.26, -1484.96, "B", "SMD", "GND", "GND", "R", 31.5, 35.43, 0, 0],
		[13, "C5_1", 2927.14, -1799.92, "B", "SMD", "D4", "", "R", 31.5, 35.43, 0, 0],
		[14, "C5_2", 2982.26, -1799.92, "B", "SMD", "GND", "GND", "R", 31.5, 35.43, 0, 0],
		[15, "C6_1", 2927.14, -2114.88, "B", "SMD", "D5", "", "R", 31.5, 35.43, 0, 0],
		[16, "C6_2", 2982.26, -2114.88, "B", "SMD", "GND", "GND", "R", 31.5, 35.43, 0, 0],
		[17, "C7_1", 3377.44, -2720, "B", "SMD", "5V", "", "R", 31.5, 35.43, 0, 0],
		[18, "C7_2", 3432.56, -2720, "B", "SMD", "GND", "GND", "R", 31.5, 35.43, 0, 0],
		[19, "C8_1", 1527.56, -765, "B", "SMD", "GND", "GND", "R", 31.5, 35.43, 0, 180],
		[20, "C8_2", 1472.44, -765, "B", "SMD", "5V", "", "R", 31.5, 35.43, 0, 180],
		[21, "C9_1", 3045, -2907.56, "B", "SMD", "GND", "GND", "R", 31.5, 35.43, 0, 90],
		[22, "C9_2", 3045, -2852.44, "B", "SMD", "5V", "", "R", 31.5, 35.43, 0, 90],
		[23, "C10_1", 792.56, -865, "B", "SMD", "24V", "", "R", 31.5, 35.43, 0, 180],
		[24, "C10_2", 737.44, -865, "B", "SMD", "GND", "GND", "R", 31.5, 35.43, 0, 180],
		[25, "C11_1", 3030, -2557.56, "B", "SMD", "GND", "GND", "R", 31.5, 35.43, 0, 90],
		[26, "C11_2", 3030, -2502.44, "B", "SMD", "5V", "", "R", 31.5, 35.43, 0, 90],
		[27, "C12_1", 623.55, -1030.58, "B", "SMD", "GND", "GND", "R", 31.5, 35.43, 0, 180],
		[28, "C12_2", 568.43, -1030.58, "B", "SMD", "A5", "", "R", 31.5, 35.43, 0, 180],
		[29, "C13_1", 961.85, -3655, "T", "DIP", "$1N2890", "", "C", 59.05, 59.05, 35.43, 180],
		[30, "C13_1", 961.85, -3655, "B", "DIP", "$1N2890", "", "C", 59.05, 59.05, 35.43, 180],
		[31, "C13_2", 568.15, -3655, "T", "DIP", "L1", "", "C", 59.05, 59.05, 35.43, 180],
		[32, "C13_2", 568.15, -3655, "B", "DIP", "L1", "", "C", 59.05, 59.05, 35.43, 180],
		[33, "C14_1", 3060, -4042.7, "B", "SMD", "GND", "GND", "R", 58.47, 68.03, 0, 90],
		[34, "C14_2", 3060, -3917.3, "B", "SMD", "24V", "", "R", 58.47, 68.03, 0, 90],
		[35, "C15_1", 3260, -3859.88, "B", "SMD", "24V", "", "R", 137.79, 47.24, 0, 270],
		[36, "C15_2", 3260, -4070.12, "B", "SMD", "GND", "GND", "R", 137.79, 47.24, 0, 270],
		[37, "C16_1", 3472.16, -4375, "B", "SMD", "$1N434", "", "R", 177.16, 64.96, 0, 180],
		[38, "C16_2", 3117.84, -4375, "B", "SMD", "GND", "GND", "R", 177.16, 64.96, 0, 180],
		[39, "C17_1", 3460, -4042.7, "B", "SMD", "GND", "GND", "R", 58.47, 68.03, 0, 90],
		[40, "C17_2", 3460, -3917.3, "B", "SMD", "$1N434", "", "R", 58.47, 68.03, 0, 90],
		[41, "C18_1", 3280.59, -3150, "B", "SMD", "5V", "", "R", 128.35, 45.28, 0, 180],
		[42, "C18_2", 3079.41, -3150, "B", "SMD", "GND", "GND", "R", 128.35, 45.28, 0, 180],
		[43, "CN1_1", 355, -1760, "T", "DIP", "$1N5433", "", "C", 118.11, 118.11, 62.99, 90],
		[44, "CN1_1", 355, -1760, "B", "DIP", "$1N5433", "", "C", 118.11, 118.11, 62.99, 90],
		[45, "CN1_2", 355, -1560, "T", "DIP", "$1N5423", "", "C", 118.11, 118.11, 62.99, 90],
		[46, "CN1_2", 355, -1560, "B", "DIP", "$1N5423", "", "C", 118.11, 118.11, 62.99, 90],
		[47, "CN2_1", 355, -2465, "T", "DIP", "$1N4862", "", "C", 118.11, 118.11, 62.99, 90],
		[48, "CN2_1", 355, -2465, "B", "DIP", "$1N4862", "", "C", 118.11, 118.11, 62.99, 90],
		[49, "CN2_2", 355, -2265, "T", "DIP", "$1N4843", "", "C", 118.11, 118.11, 62.99, 90],
		[50, "CN2_2", 355, -2265, "B", "DIP", "$1N4843", "", "C", 118.11, 118.11, 62.99, 90],
		[51, "CN3_1", 354.14, -1077.78, "T", "DIP", "24V", "", "R", 118.11, 118.11, 66.93, 90],
		[52, "CN3_1", 354.14, -1077.78, "B", "DIP", "24V", "", "R", 118.11, 118.11, 66.93, 90],
		[53, "CN3_2", 354.14, -877.78, "T", "DIP", "$1N23589", "", "C", 118.11, 118.11, 66.93, 90],
		[54, "CN3_2", 354.14, -877.78, "B", "DIP", "$1N23589", "", "C", 118.11, 118.11, 66.93, 90],
		[55, "CN3_3", 354.14, -677.78, "T", "DIP", "GND", "GND", "C", 118.11, 118.11, 66.93, 90],
		[56, "CN3_3", 354.14, -677.78, "B", "DIP", "GND", "GND", "C", 118.11, 118.11, 66.93, 90],
		[57, "CN4_1", 355, -3170, "T", "DIP", "N", "", "C", 118.11, 118.11, 62.99, 90],
		[58, "CN4_1", 355, -3170, "B", "DIP", "N", "", "C", 118.11, 118.11, 62.99, 90],
		[59, "CN4_2", 355, -2970, "T", "DIP", "$1N2891", "", "C", 118.11, 118.11, 62.99, 90],
		[60, "CN4_2", 355, -2970, "B", "DIP", "$1N2891", "", "C", 118.11, 118.11, 62.99, 90],
		[61, "CN5_1", 355, -3975, "T", "DIP", "$1N22492", "", "C", 118.11, 118.11, 62.99, 90],
		[62, "CN5_1", 355, -3975, "B", "DIP", "$1N22492", "", "C", 118.11, 118.11, 62.99, 90],
		[63, "CN5_2", 355, -3775, "T", "DIP", "N", "", "C", 118.11, 118.11, 62.99, 90],
		[64, "CN5_2", 355, -3775, "B", "DIP", "N", "", "C", 118.11, 118.11, 62.99, 90],
		[65, "D1_1", 1365, -1615.58, "B", "SMD", "24V1", "", "R", 39.37, 29.53, 0, 270],
		[66, "D1_2", 1365, -1707.91, "B", "SMD", "$1N5421", "", "R", 39.37, 29.53, 0, 270],
		[67, "D2_1", 1350, -2273.84, "B", "SMD", "24V1", "", "R", 39.37, 29.53, 0, 270],
		[68, "D2_2", 1350, -2366.16, "B", "SMD", "$1N3413", "", "R", 39.37, 29.53, 0, 270],
		[69, "D3_1", 535.63, -1115, "B", "SMD", "A5", "", "R", 35.83, 48.03, 0, 0],
		[70, "D3_2", 664.37, -1115, "B", "SMD", "GND", "GND", "R", 35.83, 48.03, 0, 0],
		[71, "D4_1", 3276.61, -3545, "B", "SMD", "24V1", "", "R", 78.74, 78.74, 0, 0],
		[72, "D4_2", 3103.39, -3545, "B", "SMD", "24V", "", "R", 78.74, 78.74, 0, 0],
		[73, "D5_1", 3078.39, -3385, "B", "SMD", "5V1", "", "R", 78.74, 78.74, 0, 180],
		[74, "D5_2", 3251.61, -3385, "B", "SMD", "5V", "", "R", 78.74, 78.74, 0, 180],
		[75, "D6_1", 3275.95, -3680.03, "B", "SMD", "$1N434", "", "R", 78.74, 78.74, 0, 0],
		[76, "D6_2", 3102.73, -3680.03, "B", "SMD", "24V", "", "R", 78.74, 78.74, 0, 0],
		[77, "D7_1", 3585, -3893.39, "B", "SMD", "$1N421", "", "R", 78.74, 78.74, 0, 90],
		[78, "D7_2", 3585, -4066.61, "B", "SMD", "GND", "GND", "R", 78.74, 78.74, 0, 90],
		[79, "F1_1", 69.61, -4325, "T", "DIP", "$1N22492", "", "O", 39.37, 94.49, 66.14, 0],
		[80, "F1_1", 69.61, -4325, "B", "DIP", "$1N22492", "", "O", 39.37, 94.49, 66.14, 0],
		[81, "F1_2", 960.39, -4325, "T", "DIP", "L1", "", "O", 39.37, 94.49, 66.14, 0],
		[82, "F1_2", 960.39, -4325, "B", "DIP", "L1", "", "O", 39.37, 94.49, 66.14, 0],
		[83, "H1_1", 3495, -1495, "T", "DIP", "GND", "GND", "R", 70.87, 70.87, 47.24, 90],
		[84, "H1_1", 3495, -1495, "B", "DIP", "GND", "GND", "R", 70.87, 70.87, 47.24, 90],
		[85, "H1_2", 3495, -1395, "T", "DIP", "5V", "", "C", 70.87, 70.87, 47.24, 90],
		[86, "H1_2", 3495, -1395, "B", "DIP", "5V", "", "C", 70.87, 70.87, 47.24, 90],
		[87, "H1_3", 3495, -1295, "T", "DIP", "SLAVE", "", "C", 70.87, 70.87, 47.24, 90],
		[88, "H1_3", 3495, -1295, "B", "DIP", "SLAVE", "", "C", 70.87, 70.87, 47.24, 90],
		[89, "H1_4", 3495, -1195, "T", "DIP", "D11", "", "C", 70.87, 70.87, 47.24, 90],
		[90, "H1_4", 3495, -1195, "B", "DIP", "D11", "", "C", 70.87, 70.87, 47.24, 90],
		[91, "H1_5", 3495, -1095, "T", "DIP", "D12", "", "C", 70.87, 70.87, 47.24, 90],
		[92, "H1_5", 3495, -1095, "B", "DIP", "D12", "", "C", 70.87, 70.87, 47.24, 90],
		[93, "H1_6", 3495, -995, "T", "DIP", "D13", "", "C", 70.87, 70.87, 47.24, 90],
		[94, "H1_6", 3495, -995, "B", "DIP", "D13", "", "C", 70.87, 70.87, 47.24, 90],
		[95, "HS1_1", 865, -3071.74, "T", "DIP", "$1N2891", "", "C", 94.49, 94.49, 62.99, 90],
		[96, "HS1_1", 865, -3071.74, "B", "DIP", "$1N2891", "", "C", 94.49, 94.49, 62.99, 90],
		[97, "KEY1_1", 2590.55, -1076.41, "T", "SMD", "5V", "", "R", 74.8, 51.18, 0, 0],
		[98, "KEY1_2", 2921.26, -1076.41, "T", "SMD", "5V", "", "R", 74.8, 51.18, 0, 0],
		[99, "KEY1_3", 2590.55, -1253.57, "T", "SMD", "D2", "", "R", 74.8, 51.18, 0, 0],
		[100, "KEY1_4", 2921.26, -1253.57, "T", "SMD", "D2", "", "R", 74.8, 51.18, 0, 0],
		[101, "KEY2_1", 2590.55, -1391.37, "T", "SMD", "5V", "", "R", 74.8, 51.18, 0, 0],
		[102, "KEY2_2", 2921.26, -1391.37, "T", "SMD", "5V", "", "R", 74.8, 51.18, 0, 0],
		[103, "KEY2_3", 2590.55, -1568.53, "T", "SMD", "D3", "", "R", 74.8, 51.18, 0, 0],
		[104, "KEY2_4", 2921.26, -1568.53, "T", "SMD", "D3", "", "R", 74.8, 51.18, 0, 0],
		[105, "KEY3_1", 2590.55, -1706.34, "T", "SMD", "5V", "", "R", 74.8, 51.18, 0, 0],
		[106, "KEY3_2", 2921.26, -1706.34, "T", "SMD", "5V", "", "R", 74.8, 51.18, 0, 0],
		[107, "KEY3_3", 2590.55, -1883.5, "T", "SMD", "D4", "", "R", 74.8, 51.18, 0, 0],
		[108, "KEY3_4", 2921.26, -1883.5, "T", "SMD", "D4", "", "R", 74.8, 51.18, 0, 0],
		[109, "KEY4_1", 2590.55, -2021.3, "T", "SMD", "5V", "", "R", 74.8, 51.18, 0, 0],
		[110, "KEY4_2", 2921.26, -2021.3, "T", "SMD", "5V", "", "R", 74.8, 51.18, 0, 0],
		[111, "KEY4_3", 2590.55, -2198.46, "T", "SMD", "D5", "", "R", 74.8, 51.18, 0, 0],
		[112, "KEY4_4", 2921.26, -2198.46, "T", "SMD", "D5", "", "R", 74.8, 51.18, 0, 0],
		[113, "L1_1", 3379.76, -3410, "B", "SMD", "$1N421", "", "R", 98.42, 149.61, 0, 0],
		[114, "L1_2", 3600.24, -3410, "B", "SMD", "5V", "", "R", 98.42, 149.61, 0, 0],
		[115, "LED1_1", 1131.1, -393.7, "T", "DIP", "$1N9617", "", "R", 60, 60, 36, 0],
		[116, "LED1_1", 1131.1, -393.7, "B", "DIP", "$1N9617", "", "R", 60, 60, 36, 0],
		[117, "LED1_2", 1231.1, -393.7, "T", "DIP", "GND", "GND", "C", 60, 60, 36, 0],
		[118, "LED1_2", 1231.1, -393.7, "B", "DIP", "GND", "GND", "C", 60, 60, 36, 0],
		[119, "LED2_1", 1915.35, -3070, "T", "DIP", "$1N27440", "", "C", 60, 60, 30, 0],
		[120, "LED2_1", 1915.35, -3070, "B", "DIP", "$1N27440", "", "C", 60, 60, 30, 0],
		[121, "LED2_2", 2015.35, -3070, "T", "DIP", "$1N27396", "", "C", 60, 60, 30, 0],
		[122, "LED2_2", 2015.35, -3070, "B", "DIP", "$1N27396", "", "C", 60, 60, 30, 0],
		[123, "LED2_3", 2115.35, -3070, "T", "DIP", "$1N27572", "", "C", 60, 60, 30, 0],
		[124, "LED2_3", 2115.35, -3070, "B", "DIP", "$1N27572", "", "C", 60, 60, 30, 0],
		[125, "LED2_4", 2215.35, -3070, "T", "DIP", "$1N27352", "", "C", 60, 60, 30, 0],
		[126, "LED2_4", 2215.35, -3070, "B", "DIP", "$1N27352", "", "C", 60, 60, 30, 0],
		[127, "LED2_5", 2315.35, -3070, "T", "DIP", "$1N27528", "", "C", 60, 60, 30, 0],
		[128, "LED2_5", 2315.35, -3070, "B", "DIP", "$1N27528", "", "C", 60, 60, 30, 0],
		[129, "LED2_6", 2415.35, -3070, "T", "DIP", "$1N27748", "", "C", 60, 60, 30, 0],
		[130, "LED2_6", 2415.35, -3070, "B", "DIP", "$1N27748", "", "C", 60, 60, 30, 0],
		[131, "LED2_7", 2415.35, -2570, "T", "DIP", "$1N27308", "", "C", 60, 60, 30, 0],
		[132, "LED2_7", 2415.35, -2570, "B", "DIP", "$1N27308", "", "C", 60, 60, 30, 0],
		[133, "LED2_8", 2315.35, -2570, "T", "DIP", "$1N27704", "", "C", 60, 60, 30, 0],
		[134, "LED2_8", 2315.35, -2570, "B", "DIP", "$1N27704", "", "C", 60, 60, 30, 0],
		[135, "LED2_9", 2215.35, -2570, "T", "DIP", "$1N27660", "", "C", 60, 60, 30, 0],
		[136, "LED2_9", 2215.35, -2570, "B", "DIP", "$1N27660", "", "C", 60, 60, 30, 0],
		[137, "LED2_10", 2115.35, -2570, "T", "DIP", "$1N27484", "", "C", 60, 60, 30, 0],
		[138, "LED2_10", 2115.35, -2570, "B", "DIP", "$1N27484", "", "C", 60, 60, 30, 0],
		[139, "LED2_11", 2015.35, -2570, "T", "DIP", "$1N27227", "", "C", 60, 60, 30, 0],
		[140, "LED2_11", 2015.35, -2570, "B", "DIP", "$1N27227", "", "C", 60, 60, 30, 0],
		[141, "LED2_12", 1915.35, -2570, "T", "DIP", "$1N27616", "", "C", 60, 60, 30, 0],
		[142, "LED2_12", 1915.35, -2570, "B", "DIP", "$1N27616", "", "C", 60, 60, 30, 0],
		[143, "LED3_1", 2165.35, -240, "T", "DIP", "$1N12928", "", "C", 60, 60, 36, 0],
		[144, "LED3_1", 2165.35, -240, "B", "DIP", "$1N12928", "", "C", 60, 60, 36, 0],
		[145, "LED3_2", 2165.35, -340, "T", "DIP", "GND", "GND", "C", 60, 60, 36, 0],
		[146, "LED3_2", 2165.35, -340, "B", "DIP", "GND", "GND", "C", 60, 60, 36, 0],
		[147, "LED3_3", 2165.35, -440, "T", "DIP", "$1N12926", "", "C", 60, 60, 36, 0],
		[148, "LED3_3", 2165.35, -440, "B", "DIP", "$1N12926", "", "C", 60, 60, 36, 0],
		[149, "LED3_4", 2165.35, -540, "T", "DIP", "GND", "GND", "C", 60, 60, 36, 0],
		[150, "LED3_4", 2165.35, -540, "B", "DIP", "GND", "GND", "C", 60, 60, 36, 0],
		[151, "LED3_5", 2165.35, -640, "T", "DIP", "$1N12924", "", "C", 60, 60, 36, 0],
		[152, "LED3_5", 2165.35, -640, "B", "DIP", "$1N12924", "", "C", 60, 60, 36, 0],
		[153, "LED3_6", 2165.35, -740, "T", "DIP", "GND", "GND", "C", 60, 60, 36, 0],
		[154, "LED3_6", 2165.35, -740, "B", "DIP", "GND", "GND", "C", 60, 60, 36, 0],
		[155, "LED3_7", 2165.35, -840, "T", "DIP", "$1N12942", "", "C", 60, 60, 36, 0],
		[156, "LED3_7", 2165.35, -840, "B", "DIP", "$1N12942", "", "C", 60, 60, 36, 0],
		[157, "LED3_8", 2165.35, -940, "T", "DIP", "GND", "GND", "C", 60, 60, 36, 0],
		[158, "LED3_8", 2165.35, -940, "B", "DIP", "GND", "GND", "C", 60, 60, 36, 0],
		[159, "LED3_9", 2165.35, -1040, "T", "DIP", "$1N12940", "", "C", 60, 60, 36, 0],
		[160, "LED3_9", 2165.35, -1040, "B", "DIP", "$1N12940", "", "C", 60, 60, 36, 0],
		[161, "LED3_10", 2165.35, -1140, "T", "DIP", "GND", "GND", "C", 60, 60, 36, 0],
		[162, "LED3_10", 2165.35, -1140, "B", "DIP", "GND", "GND", "C", 60, 60, 36, 0],
		[163, "LED3_11", 2165.35, -1340, "T", "DIP", "$1N12932", "", "C", 60, 60, 36, 0],
		[164, "LED3_11", 2165.35, -1340, "B", "DIP", "$1N12932", "", "C", 60, 60, 36, 0],
		[165, "LED3_12", 2165.35, -1440, "T", "DIP", "GND", "GND", "C", 60, 60, 36, 0],
		[166, "LED3_12", 2165.35, -1440, "B", "DIP", "GND", "GND", "C", 60, 60, 36, 0],
		[167, "LED3_13", 2165.35, -1540, "T", "DIP", "$1N12930", "", "C", 60, 60, 36, 0],
		[168, "LED3_13", 2165.35, -1540, "B", "DIP", "$1N12930", "", "C", 60, 60, 36, 0],
		[169, "LED3_14", 2165.35, -1640, "T", "DIP", "GND", "GND", "C", 60, 60, 36, 0],
		[170, "LED3_14", 2165.35, -1640, "B", "DIP", "GND", "GND", "C", 60, 60, 36, 0],
		[171, "LED3_15", 2165.35, -1740, "T", "DIP", "$1N12938", "", "C", 60, 60, 36, 0],
		[172, "LED3_15", 2165.35, -1740, "B", "DIP", "$1N12938", "", "C", 60, 60, 36, 0],
		[173, "LED3_16", 2165.35, -1840, "T", "DIP", "GND", "GND", "C", 60, 60, 36, 0],
		[174, "LED3_16", 2165.35, -1840, "B", "DIP", "GND", "GND", "C", 60, 60, 36, 0],
		[175, "LED3_17", 2165.35, -1940, "T", "DIP", "$1N12936", "", "C", 60, 60, 36, 0],
		[176, "LED3_17", 2165.35, -1940, "B", "DIP", "$1N12936", "", "C", 60, 60, 36, 0],
		[177, "LED3_18", 2165.35, -2040, "T", "DIP", "GND", "GND", "C", 60, 60, 36, 0],
		[178, "LED3_18", 2165.35, -2040, "B", "DIP", "GND", "GND", "C", 60, 60, 36, 0],
		[179, "LED3_19", 2165.35, -2140, "T", "DIP", "$1N12934", "", "C", 60, 60, 36, 0],
		[180, "LED3_19", 2165.35, -2140, "B", "DIP", "$1N12934", "", "C", 60, 60, 36, 0],
		[181, "LED3_20", 2165.35, -2240, "T", "DIP", "GND", "GND", "C", 60, 60, 36, 0],
		[182, "LED3_20", 2165.35, -2240, "B", "DIP", "GND", "GND", "C", 60, 60, 36, 0],
		[183, "Q1_1", 2905.63, -887.4, "B", "SMD", "$1N9861", "", "R", 49.21, 27.56, 0, 180],
		[184, "Q1_2", 2905.63, -812.6, "B", "SMD", "GND", "GND", "R", 49.21, 27.56, 0, 180],
		[185, "Q1_3", 2984.37, -850, "B", "SMD", "$1N9862", "", "R", 49.21, 27.56, 0, 180],
		[186, "Q2_1", 1514.37, -1657.6, "B", "SMD", "$1N5411", "", "R", 49.21, 27.56, 0, 0],
		[187, "Q2_2", 1514.37, -1732.4, "B", "SMD", "GND", "GND", "R", 49.21, 27.56, 0, 0],
		[188, "Q2_3", 1435.63, -1695, "B", "SMD", "$1N5421", "", "R", 49.21, 27.56, 0, 0],
		[189, "Q3_1", 1507, -2284.44, "B", "SMD", "$1N3403", "", "R", 49.21, 27.56, 0, 0],
		[190, "Q3_2", 1507, -2359.24, "B", "SMD", "GND", "GND", "R", 49.21, 27.56, 0, 0],
		[191, "Q3_3", 1428.26, -2321.84, "B", "SMD", "$1N3413", "", "R", 49.21, 27.56, 0, 0],
		[192, "Q4_1", 670, -3171.74, "T", "DIP", "L1", "", "R", 78.74, 98.42, 51.18, 90],
		[193, "Q4_1", 670, -3171.74, "B", "DIP", "L1", "", "R", 78.74, 98.42, 51.18, 90],
		[194, "Q4_2", 670, -3071.74, "T", "DIP", "$1N2891", "", "O", 78.74, 98.42, 51.18, 90],
		[195, "Q4_2", 670, -3071.74, "B", "DIP", "$1N2891", "", "O", 78.74, 98.42, 51.18, 90],
		[196, "Q4_3", 670, -2971.74, "T", "DIP", "$1N2889", "", "O", 78.74, 98.42, 51.18, 90],
		[197, "Q4_3", 670, -2971.74, "B", "DIP", "$1N2889", "", "O", 78.74, 98.42, 51.18, 90],
		[198, "R1_1", 3008.22, -630, "B", "SMD", "$1N9864", "", "R", 47.54, 66.97, 0, 180],
		[199, "R1_2", 2891.78, -630, "B", "SMD", "5V1", "", "R", 47.54, 66.97, 0, 180],
		[200, "R2_1", 2770.34, -885, "B", "SMD", "D13", "", "R", 31.75, 34.02, 0, 0],
		[201, "R2_2", 2829.66, -885, "B", "SMD", "$1N9861", "", "R", 31.75, 34.02, 0, 0],
		[202, "R3_1", 2770.34, -810, "B", "SMD", "D13", "", "R", 31.75, 34.02, 0, 0],
		[203, "R3_2", 2829.66, -810, "B", "SMD", "GND", "GND", "R", 31.75, 34.02, 0, 0],
		[204, "R4_1", 2589.66, -1170, "B", "SMD", "D2", "", "R", 31.75, 34.02, 0, 180],
		[205, "R4_2", 2530.34, -1170, "B", "SMD", "GND", "GND", "R", 31.75, 34.02, 0, 180],
		[206, "R5_1", 2589.66, -1484.96, "B", "SMD", "D3", "", "R", 31.75, 34.02, 0, 180],
		[207, "R5_2", 2530.34, -1484.96, "B", "SMD", "GND", "GND", "R", 31.75, 34.02, 0, 180],
		[208, "R6_1", 2589.66, -1799.92, "B", "SMD", "D4", "", "R", 31.75, 34.02, 0, 180],
		[209, "R6_2", 2530.34, -1799.92, "B", "SMD", "GND", "GND", "R", 31.75, 34.02, 0, 180],
		[210, "R7_1", 2589.66, -2114.88, "B", "SMD", "D5", "", "R", 31.75, 34.02, 0, 180],
		[211, "R7_2", 2530.34, -2114.88, "B", "SMD", "GND", "GND", "R", 31.75, 34.02, 0, 180],
		[212, "R8_1", 3450.34, -1940, "B", "SMD", "5V", "", "R", 31.75, 34.02, 0, 0],
		[213, "R8_2", 3509.66, -1940, "B", "SMD", "SLAVE", "", "R", 31.75, 34.02, 0, 0],
		[214, "R9_1", 3235.34, -2820, "B", "SMD", "$1N2456", "", "R", 31.75, 34.02, 0, 0],
		[215, "R9_2", 3294.66, -2820, "B", "SMD", "$1N2457", "", "R", 31.75, 34.02, 0, 0],
		[216, "R10_1", 1345.63, -310, "B", "SMD", "$1N9617", "", "R", 44.59, 54.21, 0, 0],
		[217, "R10_2", 1424.37, -310, "B", "SMD", "D8", "", "R", 44.59, 54.21, 0, 0],
		[218, "R11_1", 1808.63, -1845, "B", "SMD", "D14", "", "R", 31.75, 34.02, 0, 180],
		[219, "R11_2", 1749.31, -1845, "B", "SMD", "$1N5420", "", "R", 31.75, 34.02, 0, 180],
		[220, "R12_1", 1808.63, -1945, "B", "SMD", "D14", "", "R", 31.75, 34.02, 0, 180],
		[221, "R12_2", 1749.31, -1945, "B", "SMD", "GND", "GND", "R", 31.75, 34.02, 0, 180],
		[222, "R13_1", 1634.66, -1657.6, "B", "SMD", "$1N5419", "", "R", 31.75, 34.02, 0, 180],
		[223, "R13_2", 1575.34, -1657.6, "B", "SMD", "$1N5411", "", "R", 31.75, 34.02, 0, 180],
		[224, "R14_1", 1636.88, -1732.4, "B", "SMD", "$1N5419", "", "R", 31.75, 34.02, 0, 180],
		[225, "R14_2", 1577.56, -1732.4, "B", "SMD", "GND", "GND", "R", 31.75, 34.02, 0, 180],
		[226, "R15_1", 1840.18, -617.53, "B", "SMD", "D7", "", "R", 31.75, 34.02, 0, 0],
		[227, "R15_2", 1899.5, -617.53, "B", "SMD", "$1N12928", "", "R", 31.75, 34.02, 0, 0],
		[228, "R16_1", 1840.18, -676.06, "B", "SMD", "D6", "", "R", 31.75, 34.02, 0, 0],
		[229, "R16_2", 1899.5, -676.06, "B", "SMD", "$1N12926", "", "R", 31.75, 34.02, 0, 0],
		[230, "R17_1", 1840.18, -753.76, "B", "SMD", "$1N16210", "", "R", 31.75, 34.02, 0, 0],
		[231, "R17_2", 1899.5, -753.76, "B", "SMD", "$1N12924", "", "R", 31.75, 34.02, 0, 0],
		[232, "R18_1", 1840.18, -831.46, "B", "SMD", "$1N16208", "", "R", 31.75, 34.02, 0, 0],
		[233, "R18_2", 1899.5, -831.46, "B", "SMD", "$1N12942", "", "R", 31.75, 34.02, 0, 0],
		[234, "R19_1", 1840.18, -931.46, "B", "SMD", "$1N16206", "", "R", 31.75, 34.02, 0, 0],
		[235, "R19_2", 1899.5, -931.46, "B", "SMD", "$1N12940", "", "R", 31.75, 34.02, 0, 0],
		[236, "R20_1", 1848.82, -2475.38, "B", "SMD", "D15", "", "R", 31.75, 34.02, 0, 180],
		[237, "R20_2", 1789.5, -2475.38, "B", "SMD", "$1N3412", "", "R", 31.75, 34.02, 0, 180],
		[238, "R21_1", 1840.18, -1031.46, "B", "SMD", "$1N16196", "", "R", 31.75, 34.02, 0, 0],
		[239, "R21_2", 1899.5, -1031.46, "B", "SMD", "$1N12932", "", "R", 31.75, 34.02, 0, 0],
		[240, "R22_1", 1909.21, -1119.26, "B", "SMD", "$1N12930", "", "R", 44.59, 54.21, 0, 180],
		[241, "R22_2", 1830.47, -1119.26, "B", "SMD", "$1N16200", "", "R", 44.59, 54.21, 0, 180],
		[242, "R23_1", 1817.63, -2542.18, "B", "SMD", "D15", "", "R", 31.75, 34.02, 0, 270],
		[243, "R23_2", 1817.63, -2601.5, "B", "SMD", "GND", "GND", "R", 31.75, 34.02, 0, 270],
		[244, "R24_1", 1627.29, -2284.44, "B", "SMD", "$1N3411", "", "R", 31.75, 34.02, 0, 180],
		[245, "R24_2", 1567.97, -2284.44, "B", "SMD", "$1N3403", "", "R", 31.75, 34.02, 0, 180],
		[246, "R25_1", 1909.21, -1219.26, "B", "SMD", "$1N12938", "", "R", 44.59, 54.21, 0, 180],
		[247, "R25_2", 1830.47, -1219.26, "B", "SMD", "$1N16198", "", "R", 44.59, 54.21, 0, 180],
		[248, "R26_1", 1909.21, -1319.26, "B", "SMD", "$1N12936", "", "R", 44.59, 54.21, 0, 180],
		[249, "R26_2", 1830.47, -1319.26, "B", "SMD", "$1N16202", "", "R", 44.59, 54.21, 0, 180],
		[250, "R27_1", 1627.29, -2359.24, "B", "SMD", "$1N3411", "", "R", 31.75, 34.02, 0, 180],
		[251, "R27_2", 1567.97, -2359.24, "B", "SMD", "GND", "GND", "R", 31.75, 34.02, 0, 180],
		[252, "R28_1", 1909.21, -1407.06, "B", "SMD", "$1N12934", "", "R", 44.59, 54.21, 0, 180],
		[253, "R28_2", 1830.47, -1407.06, "B", "SMD", "$1N16204", "", "R", 44.59, 54.21, 0, 180],
		[254, "R29_1", 2015.35, -2660.63, "B", "SMD", "$1N27227", "", "R", 44.59, 54.21, 0, 270],
		[255, "R29_2", 2015.35, -2739.37, "B", "SMD", "$1N27223", "", "R", 44.59, 54.21, 0, 270],
		[256, "R30_1", 2415.35, -2660.63, "B", "SMD", "$1N27308", "", "R", 44.59, 54.21, 0, 270],
		[257, "R30_2", 2415.35, -2739.37, "B", "SMD", "$1N27304", "", "R", 44.59, 54.21, 0, 270],
		[258, "R31_1", 2215.35, -2979.37, "B", "SMD", "$1N27352", "", "R", 44.59, 54.21, 0, 90],
		[259, "R31_2", 2215.35, -2900.63, "B", "SMD", "$1N27348", "", "R", 44.59, 54.21, 0, 90],
		[260, "R32_1", 2015.35, -2979.37, "B", "SMD", "$1N27396", "", "R", 44.59, 54.21, 0, 90],
		[261, "R32_2", 2015.35, -2900.63, "B", "SMD", "$1N27392", "", "R", 44.59, 54.21, 0, 90],
		[262, "R33_1", 1915.35, -2979.37, "B", "SMD", "$1N27440", "", "R", 44.59, 54.21, 0, 90],
		[263, "R33_2", 1915.35, -2900.63, "B", "SMD", "$1N27436", "", "R", 44.59, 54.21, 0, 90],
		[264, "R34_1", 2115.35, -2660.63, "B", "SMD", "$1N27484", "", "R", 44.59, 54.21, 0, 270],
		[265, "R34_2", 2115.35, -2739.37, "B", "SMD", "$1N27480", "", "R", 44.59, 54.21, 0, 270],
		[266, "R35_1", 2315.35, -2979.37, "B", "SMD", "$1N27528", "", "R", 44.59, 54.21, 0, 90],
		[267, "R35_2", 2315.35, -2900.63, "B", "SMD", "$1N27524", "", "R", 44.59, 54.21, 0, 90],
		[268, "R36_1", 2115.35, -2979.37, "B", "SMD", "$1N27572", "", "R", 44.59, 54.21, 0, 90],
		[269, "R36_2", 2115.35, -2900.63, "B", "SMD", "$1N27568", "", "R", 44.59, 54.21, 0, 90],
		[270, "R37_1", 559.39, -862.15, "B", "SMD", "A5", "", "R", 44.59, 54.21, 0, 90],
		[271, "R37_2", 559.39, -783.41, "B", "SMD", "$1N23587", "", "R", 44.59, 54.21, 0, 90],
		[272, "R38_1", 565, -689.66, "B", "SMD", "$1N23589", "", "R", 31.75, 34.02, 0, 90],
		[273, "R38_2", 565, -630.34, "B", "SMD", "GND", "GND", "R", 31.75, 34.02, 0, 90],
		[274, "R39_1", 559.84, -945.58, "B", "SMD", "A5", "", "R", 44.59, 54.21, 0, 0],
		[275, "R39_2", 638.58, -945.58, "B", "SMD", "GND", "GND", "R", 44.59, 54.21, 0, 0],
		[276, "R40_1", 1639.66, -2810, "B", "SMD", "D16", "", "R", 31.75, 34.02, 0, 180],
		[277, "R40_2", 1580.34, -2810, "B", "SMD", "$1N9956", "", "R", 31.75, 34.02, 0, 180],
		[278, "R41_1", 535, -2941.78, "B", "SMD", "$1N2888", "", "R", 47.54, 66.97, 0, 270],
		[279, "R41_2", 535, -3058.22, "B", "SMD", "$1N2891", "", "R", 47.54, 66.97, 0, 270],
		[280, "R42_1", 1639.66, -2910, "B", "SMD", "D16", "", "R", 31.75, 34.02, 0, 180],
		[281, "R42_2", 1580.34, -2910, "B", "SMD", "GND", "GND", "R", 31.75, 34.02, 0, 180],
		[282, "R43_1", 763.22, -3495, "B", "SMD", "$1N2890", "", "R", 47.54, 66.97, 0, 180],
		[283, "R43_2", 646.78, -3495, "B", "SMD", "$1N2891", "", "R", 47.54, 66.97, 0, 180],
		[284, "RLY1_1", 1120.79, -1897.96, "T", "DIP", "$1N5421", "", "C", 110, 110, 60, 0],
		[285, "RLY1_1", 1120.79, -1897.96, "B", "DIP", "$1N5421", "", "C", 110, 110, 60, 0],
		[286, "RLY1_2", 640.47, -1897.94, "T", "DIP", "$1N5433", "", "C", 110, 110, 60, 0],
		[287, "RLY1_2", 640.47, -1897.94, "B", "DIP", "$1N5433", "", "C", 110, 110, 60, 0],
		[288, "RLY1_3", 640.47, -1425.54, "T", "DIP", "RLY1_3", "", "C", 110, 110, 60, 0],
		[289, "RLY1_3", 640.47, -1425.54, "B", "DIP", "RLY1_3", "", "C", 110, 110, 60, 0],
		[290, "RLY1_4", 1120.79, -1425.52, "T", "DIP", "24V1", "", "C", 110, 110, 60, 0],
		[291, "RLY1_4", 1120.79, -1425.52, "B", "DIP", "24V1", "", "C", 110, 110, 60, 0],
		[292, "RLY1_5", 1199.53, -1661.74, "T", "DIP", "$1N5423", "", "C", 110, 110, 60, 0],
		[293, "RLY1_5", 1199.53, -1661.74, "B", "DIP", "$1N5423", "", "C", 110, 110, 60, 0],
		[294, "RLY2_1", 1115.79, -2591.22, "T", "DIP", "$1N3413", "", "C", 110, 110, 60, 0],
		[295, "RLY2_1", 1115.79, -2591.22, "B", "DIP", "$1N3413", "", "C", 110, 110, 60, 0],
		[296, "RLY2_2", 635.47, -2591.2, "T", "DIP", "$1N4862", "", "C", 110, 110, 60, 0],
		[297, "RLY2_2", 635.47, -2591.2, "B", "DIP", "$1N4862", "", "C", 110, 110, 60, 0],
		[298, "RLY2_3", 635.47, -2118.8, "T", "DIP", "RLY2_3", "", "C", 110, 110, 60, 0],
		[299, "RLY2_3", 635.47, -2118.8, "B", "DIP", "RLY2_3", "", "C", 110, 110, 60, 0],
		[300, "RLY2_4", 1115.79, -2118.78, "T", "DIP", "24V1", "", "C", 110, 110, 60, 0],
		[301, "RLY2_4", 1115.79, -2118.78, "B", "DIP", "24V1", "", "C", 110, 110, 60, 0],
		[302, "RLY2_5", 1194.53, -2355, "T", "DIP", "$1N4843", "", "C", 110, 110, 60, 0],
		[303, "RLY2_5", 1194.53, -2355, "B", "DIP", "$1N4843", "", "C", 110, 110, 60, 0],
		[304, "SW1_1", 3614.92, -1707.16, "B", "SMD", "GND", "GND", "R", 66.93, 39.37, 0, 180],
		[305, "SW1_2", 3355.08, -1707.16, "B", "SMD", "GND", "GND", "R", 66.93, 39.37, 0, 180],
		[306, "SW1_3", 3614.92, -1852.84, "B", "SMD", "SLAVE", "", "R", 66.93, 39.37, 0, 180],
		[307, "SW1_4", 3355.08, -1852.84, "B", "SMD", "SLAVE", "", "R", 66.93, 39.37, 0, 180],
		[308, "TP1_1", 1411.94, -1750.37, "B", "SMD", "$1N5421", "", "C", 19.68, 19.68, 0, 180],
		[309, "TP2_1", 1405.69, -2379.32, "B", "SMD", "$1N3413", "", "C", 19.68, 19.68, 0, 0],
		[310, "U1_1", 3469.45, -2626.29, "B", "SMD", "D3", "", "O", 17.72, 64.96, 0, 180],
		[311, "U1_2", 3437.95, -2626.29, "B", "SMD", "D4", "", "O", 17.72, 64.96, 0, 180],
		[312, "U1_3", 3406.45, -2626.29, "B", "SMD", "GND", "GND", "O", 17.72, 64.96, 0, 180],
		[313, "U1_4", 3374.96, -2626.29, "B", "SMD", "5V", "", "O", 17.72, 64.96, 0, 180],
		[314, "U1_5", 3343.46, -2626.29, "B", "SMD", "GND", "GND", "O", 17.72, 64.96, 0, 180],
		[315, "U1_6", 3311.97, -2626.29, "B", "SMD", "5V", "", "O", 17.72, 64.96, 0, 180],
		[316, "U1_7", 3280.47, -2626.29, "B", "SMD", "$1N2457", "", "O", 17.72, 64.96, 0, 180],
		[317, "U1_8", 3248.97, -2626.29, "B", "SMD", "$1N2456", "", "O", 17.72, 64.96, 0, 180],
		[318, "U1_9", 3186.71, -2564.53, "B", "SMD", "D5", "", "O", 64.96, 17.72, 0, 180],
		[319, "U1_10", 3186.71, -2533.03, "B", "SMD", "D6", "", "O", 64.96, 17.72, 0, 180],
		[320, "U1_11", 3186.71, -2501.53, "B", "SMD", "D7", "", "O", 64.96, 17.72, 0, 180],
		[321, "U1_12", 3186.71, -2470.04, "B", "SMD", "D8", "", "O", 64.96, 17.72, 0, 180],
		[322, "U1_13", 3186.71, -2438.54, "B", "SMD", "D9", "", "O", 64.96, 17.72, 0, 180],
		[323, "U1_14", 3186.71, -2407.05, "B", "SMD", "D10", "", "O", 64.96, 17.72, 0, 180],
		[324, "U1_15", 3186.71, -2375.55, "B", "SMD", "D11", "", "O", 64.96, 17.72, 0, 180],
		[325, "U1_16", 3186.71, -2344.05, "B", "SMD", "D12", "", "O", 64.96, 17.72, 0, 180],
		[326, "U1_17", 3248.97, -2282.29, "B", "SMD", "D13", "", "O", 17.72, 64.96, 0, 180],
		[327, "U1_18", 3280.47, -2282.29, "B", "SMD", "5V", "", "O", 17.72, 64.96, 0, 180],
		[328, "U1_19", 3311.97, -2282.29, "B", "SMD", "U1_19", "", "O", 17.72, 64.96, 0, 180],
		[329, "U1_20", 3343.46, -2282.29, "B", "SMD", "U1_20", "", "O", 17.72, 64.96, 0, 180],
		[330, "U1_21", 3374.96, -2282.29, "B", "SMD", "GND", "GND", "O", 17.72, 64.96, 0, 180],
		[331, "U1_22", 3406.45, -2282.29, "B", "SMD", "U1_22", "", "O", 17.72, 64.96, 0, 180],
		[332, "U1_23", 3437.95, -2282.29, "B", "SMD", "D14", "", "O", 17.72, 64.96, 0, 180],
		[333, "U1_24", 3469.45, -2282.29, "B", "SMD", "D15", "", "O", 17.72, 64.96, 0, 180],
		[334, "U1_25", 3531.71, -2344.05, "B", "SMD", "D16", "", "O", 64.96, 17.72, 0, 180],
		[335, "U1_26", 3531.71, -2375.55, "B", "SMD", "D17", "", "O", 64.96, 17.72, 0, 180],
		[336, "U1_27", 3531.71, -2407.05, "B", "SMD", "D18", "", "O", 64.96, 17.72, 0, 180],
		[337, "U1_28", 3531.71, -2438.54, "B", "SMD", "A5", "", "O", 64.96, 17.72, 0, 180],
		[338, "U1_29", 3531.71, -2470.04, "B", "SMD", "SLAVE", "", "O", 64.96, 17.72, 0, 180],
		[339, "U1_30", 3531.71, -2501.53, "B", "SMD", "RX", "", "O", 64.96, 17.72, 0, 180],
		[340, "U1_31", 3531.71, -2533.03, "B", "SMD", "TX", "", "O", 64.96, 17.72, 0, 180],
		[341, "U1_32", 3531.71, -2564.53, "B", "SMD", "D2", "", "O", 64.96, 17.72, 0, 180],
		[342, "U2_1", 1659.92, -1845, "B", "SMD", "$1N5420", "", "R", 66.93, 37.4, 0, 180],
		[343, "U2_2", 1659.92, -1945, "B", "SMD", "GND", "GND", "R", 66.93, 37.4, 0, 180],
		[344, "U2_3", 1400.08, -1945, "B", "SMD", "$1N5419", "", "R", 66.93, 37.4, 0, 180],
		[345, "U2_4", 1400.08, -1845, "B", "SMD", "5V1", "", "R", 66.93, 37.4, 0, 180],
		[346, "U3_1", 1607.7, -855, "B", "SMD", "$1N16208", "", "O", 23.7, 77.6, 0, 270],
		[347, "U3_2", 1607.7, -905, "B", "SMD", "$1N16206", "", "O", 23.7, 77.6, 0, 270],
		[348, "U3_3", 1607.7, -955, "B", "SMD", "$1N16196", "", "O", 23.7, 77.6, 0, 270],
		[349, "U3_4", 1607.7, -1005, "B", "SMD", "$1N16200", "", "O", 23.7, 77.6, 0, 270],
		[350, "U3_5", 1607.7, -1055, "B", "SMD", "$1N16198", "", "O", 23.7, 77.6, 0, 270],
		[351, "U3_6", 1607.7, -1105, "B", "SMD", "$1N16202", "", "O", 23.7, 77.6, 0, 270],
		[352, "U3_7", 1607.7, -1155, "B", "SMD", "$1N16204", "", "O", 23.7, 77.6, 0, 270],
		[353, "U3_8", 1607.7, -1205, "B", "SMD", "GND", "GND", "O", 23.7, 77.6, 0, 270],
		[354, "U3_9", 1392.3, -1205, "B", "SMD", "U3_9", "", "O", 23.7, 77.6, 0, 270],
		[355, "U3_10", 1392.3, -1155, "B", "SMD", "5V", "", "O", 23.7, 77.6, 0, 270],
		[356, "U3_11", 1392.3, -1105, "B", "SMD", "D9", "", "O", 23.7, 77.6, 0, 270],
		[357, "U3_12", 1392.3, -1055, "B", "SMD", "D11", "", "O", 23.7, 77.6, 0, 270],
		[358, "U3_13", 1392.3, -1005, "B", "SMD", "GND", "GND", "O", 23.7, 77.6, 0, 270],
		[359, "U3_14", 1392.3, -955, "B", "SMD", "D10", "", "O", 23.7, 77.6, 0, 270],
		[360, "U3_15", 1392.3, -905, "B", "SMD", "$1N16210", "", "O", 23.7, 77.6, 0, 270],
		[361, "U3_16", 1392.3, -855, "B", "SMD", "5V", "", "O", 23.7, 77.6, 0, 270],
		[362, "U4_1", 1709.11, -2475.38, "B", "SMD", "$1N3412", "", "R", 66.93, 37.4, 0, 180],
		[363, "U4_2", 1709.11, -2575.38, "B", "SMD", "GND", "GND", "R", 66.93, 37.4, 0, 180],
		[364, "U4_3", 1449.27, -2575.38, "B", "SMD", "$1N3411", "", "R", 66.93, 37.4, 0, 180],
		[365, "U4_4", 1449.27, -2475.38, "B", "SMD", "5V1", "", "R", 66.93, 37.4, 0, 180],
		[366, "U5_1", 2970, -2982.7, "B", "SMD", "$1N27304", "", "O", 23.7, 77.6, 0, 180],
		[367, "U5_2", 2920, -2982.7, "B", "SMD", "$1N27348", "", "O", 23.7, 77.6, 0, 180],
		[368, "U5_3", 2870, -2982.7, "B", "SMD", "$1N27392", "", "O", 23.7, 77.6, 0, 180],
		[369, "U5_4", 2820, -2982.7, "B", "SMD", "$1N27436", "", "O", 23.7, 77.6, 0, 180],
		[370, "U5_5", 2770, -2982.7, "B", "SMD", "$1N27480", "", "O", 23.7, 77.6, 0, 180],
		[371, "U5_6", 2720, -2982.7, "B", "SMD", "$1N27524", "", "O", 23.7, 77.6, 0, 180],
		[372, "U5_7", 2670, -2982.7, "B", "SMD", "$1N27568", "", "O", 23.7, 77.6, 0, 180],
		[373, "U5_8", 2620, -2982.7, "B", "SMD", "GND", "GND", "O", 23.7, 77.6, 0, 180],
		[374, "U5_9", 2620, -2767.3, "B", "SMD", "1Q7'", "", "O", 23.7, 77.6, 0, 180],
		[375, "U5_10", 2670, -2767.3, "B", "SMD", "5V", "", "O", 23.7, 77.6, 0, 180],
		[376, "U5_11", 2720, -2767.3, "B", "SMD", "D12", "", "O", 23.7, 77.6, 0, 180],
		[377, "U5_12", 2770, -2767.3, "B", "SMD", "D18", "", "O", 23.7, 77.6, 0, 180],
		[378, "U5_13", 2820, -2767.3, "B", "SMD", "GND", "GND", "O", 23.7, 77.6, 0, 180],
		[379, "U5_14", 2870, -2767.3, "B", "SMD", "D17", "", "O", 23.7, 77.6, 0, 180],
		[380, "U5_15", 2920, -2767.3, "B", "SMD", "$1N27223", "", "O", 23.7, 77.6, 0, 180],
		[381, "U5_16", 2970, -2767.3, "B", "SMD", "5V", "", "O", 23.7, 77.6, 0, 180],
		[382, "U6_1", 2955, -2592.7, "B", "SMD", "$1N27660", "", "O", 23.7, 77.6, 0, 180],
		[383, "U6_2", 2905, -2592.7, "B", "SMD", "$1N27704", "", "O", 23.7, 77.6, 0, 180],
		[384, "U6_3", 2855, -2592.7, "B", "SMD", "$1N27748", "", "O", 23.7, 77.6, 0, 180],
		[385, "U6_4", 2805, -2592.7, "B", "SMD", "U6_4", "", "O", 23.7, 77.6, 0, 180],
		[386, "U6_5", 2755, -2592.7, "B", "SMD", "U6_5", "", "O", 23.7, 77.6, 0, 180],
		[387, "U6_6", 2705, -2592.7, "B", "SMD", "U6_6", "", "O", 23.7, 77.6, 0, 180],
		[388, "U6_7", 2655, -2592.7, "B", "SMD", "U6_7", "", "O", 23.7, 77.6, 0, 180],
		[389, "U6_8", 2605, -2592.7, "B", "SMD", "GND", "GND", "O", 23.7, 77.6, 0, 180],
		[390, "U6_9", 2605, -2377.3, "B", "SMD", "U6_9", "", "O", 23.7, 77.6, 0, 180],
		[391, "U6_10", 2655, -2377.3, "B", "SMD", "5V", "", "O", 23.7, 77.6, 0, 180],
		[392, "U6_11", 2705, -2377.3, "B", "SMD", "D12", "", "O", 23.7, 77.6, 0, 180],
		[393, "U6_12", 2755, -2377.3, "B", "SMD", "D18", "", "O", 23.7, 77.6, 0, 180],
		[394, "U6_13", 2805, -2377.3, "B", "SMD", "GND", "GND", "O", 23.7, 77.6, 0, 180],
		[395, "U6_14", 2855, -2377.3, "B", "SMD", "1Q7'", "", "O", 23.7, 77.6, 0, 180],
		[396, "U6_15", 2905, -2377.3, "B", "SMD", "$1N27616", "", "O", 23.7, 77.6, 0, 180],
		[397, "U6_16", 2955, -2377.3, "B", "SMD", "5V", "", "O", 23.7, 77.6, 0, 180],
		[398, "U7_1", 1472.44, -2810, "B", "SMD", "$1N9956", "", "R", 56, 102.36, 0, 270],
		[399, "U7_2", 1472.44, -2910, "B", "SMD", "GND", "GND", "R", 56, 102.36, 0, 270],
		[400, "U7_3", 1472.44, -3010, "B", "SMD", "U7_3", "", "R", 56, 102.36, 0, 270],
		[401, "U7_4", 1127.56, -3010, "B", "SMD", "$1N2889", "", "R", 56, 102.36, 0, 270],
		[402, "U7_5", 1127.56, -2910, "B", "SMD", "U7_5", "", "R", 56, 102.36, 0, 270],
		[403, "U7_6", 1127.56, -2810, "B", "SMD", "$1N2888", "", "R", 56, 102.36, 0, 270],
		[404, "U8_1", 1202.76, -3425.02, "T", "DIP", "L1", "", "C", 78.74, 78.74, 51.18, 0],
		[405, "U8_1", 1202.76, -3425.02, "B", "DIP", "L1", "", "C", 78.74, 78.74, 51.18, 0],
		[406, "U8_2", 1202.76, -3897.46, "T", "DIP", "N", "", "C", 78.74, 78.74, 51.18, 0],
		[407, "U8_2", 1202.76, -3897.46, "B", "DIP", "N", "", "C", 78.74, 78.74, 51.18, 0],
		[408, "U8_3", 1202.76, -4369.9, "T", "DIP", "PGND", "", "C", 78.74, 78.74, 51.18, 0],
		[409, "U8_3", 1202.76, -4369.9, "B", "DIP", "PGND", "", "C", 78.74, 78.74, 51.18, 0],
		[410, "U8_4", 2797.24, -4212.42, "T", "DIP", "GND", "GND", "C", 78.74, 78.74, 51.18, 0],
		[411, "U8_4", 2797.24, -4212.42, "B", "DIP", "GND", "GND", "C", 78.74, 78.74, 51.18, 0],
		[412, "U8_8", 2797.24, -3582.5, "T", "DIP", "24V", "", "C", 78.74, 78.74, 51.18, 0],
		[413, "U8_8", 2797.24, -3582.5, "B", "DIP", "24V", "", "C", 78.74, 78.74, 51.18, 0],
		[414, "U9_1", 3605.61, -3615, "B", "SMD", "U9_1", "", "O", 24.8, 73.42, 0, 270],
		[415, "U9_2", 3605.61, -3665, "B", "SMD", "U9_2", "", "O", 24.8, 73.42, 0, 270],
		[416, "U9_3", 3605.61, -3715, "B", "SMD", "U9_3", "", "O", 24.8, 73.42, 0, 270],
		[417, "U9_4", 3605.61, -3765, "B", "SMD", "5V", "", "O", 24.8, 73.42, 0, 270],
		[418, "U9_5", 3394.39, -3765, "B", "SMD", "GND", "GND", "O", 24.8, 73.42, 0, 270],
		[419, "U9_6", 3394.39, -3715, "B", "SMD", "GND", "GND", "O", 24.8, 73.42, 0, 270],
		[420, "U9_7", 3394.39, -3665, "B", "SMD", "$1N434", "", "O", 24.8, 73.42, 0, 270],
		[421, "U9_8", 3394.39, -3615, "B", "SMD", "$1N421", "", "O", 24.8, 73.42, 0, 270],
		[422, "U10_1", 668.5, -785, "B", "SMD", "$1N23587", "", "O", 22.38, 76.78, 0, 90],
		[423, "U10_2", 668.5, -735, "B", "SMD", "$1N23587", "", "O", 22.38, 76.78, 0, 90],
		[424, "U10_3", 668.5, -685, "B", "SMD", "$1N23589", "", "O", 22.38, 76.78, 0, 90],
		[425, "U10_4", 668.5, -635, "B", "SMD", "GND", "GND", "O", 22.38, 76.78, 0, 90],
		[426, "U10_5", 881.5, -635, "B", "SMD", "U10_5", "", "O", 22.38, 76.78, 0, 90],
		[427, "U10_6", 881.5, -685, "B", "SMD", "U10_6", "", "O", 22.38, 76.78, 0, 90],
		[428, "U10_7", 881.5, -735, "B", "SMD", "U10_7", "", "O", 22.38, 76.78, 0, 90],
		[429, "U10_8", 881.5, -785, "B", "SMD", "24V", "", "O", 22.38, 76.78, 0, 90],
		[430, "VR1_1", 897.64, -3821.89, "T", "DIP", "N", "", "C", 70.87, 70.87, 39.37, 180],
		[431, "VR1_1", 897.64, -3821.89, "B", "DIP", "N", "", "C", 70.87, 70.87, 39.37, 180],
		[432, "VR1_2", 602.36, -4058.11, "T", "DIP", "L1", "", "C", 70.87, 70.87, 39.37, 180],
		[433, "VR1_2", 602.36, -4058.11, "B", "DIP", "L1", "", "C", 70.87, 70.87, 39.37, 180],
		[434, "X1_1", 3227.6, -2730, "B", "SMD", "$1N2456", "", "R", 98.42, 25.59, 0, 270],
		[435, "X1_2", 3265, -2730, "B", "SMD", "GND", "GND", "R", 62.99, 19.68, 0, 270],
		[436, "X1_3", 3302.4, -2730, "B", "SMD", "$1N2457", "", "R", 98.42, 25.59, 0, 270]
	]
}
}